105,2024-07-01,reserved by ramzi mohamed,18:58:00,ramzi,16:58:00,pending,5,12
104,2024-07-02,reserved by sayed seka,19:58:00,sayed 2,16:57:00,pending,2,8
123,2024-07-17,sdasdsa,20:26:00,sdsadsa,15:26:00,approved,11,3
122,2024-07-03,sadsad,17:15:00,hammam5,15:15:00,approved,9,3
127,2024-07-18,asdasdsa,16:16:00,mostafa hammam tsadsadsadsa,13:16:00,approved,9,1
126,2024-07-17,asdsad,17:13:00,mostafa hammam tsadsadsadsa,12:13:00,approved,9,1
116,2024-07-29,mostafa,16:08:00,hammam 2,13:08:00,approved,9,1
125,2024-07-16,sadadads,21:46:00,mostafa hammam today today,15:46:00,approved,9,2
106,2024-07-16,reserved by eng mahmoud nawar,15:59:00,mahmoud nawar,12:59:00,approved,11,1
124,2024-07-16,sadsadsad,13:44:00,mostafa hammam sasa,11:44:00,pending,9,3
121,2024-07-01,sadasdsadsasa,15:53:00,hammam tata,13:53:00,pending,9,3
103,2024-07-01,reserved by mohamed sayed,18:57:00,sayed 1,16:57:00,pending,2,8
